Primary,Secondary,349nm - 387/11-A,349nm - 420/10-A,349nm - 434/17-A,349nm - 455/14-A,349nm - 473/15-A,349nm - 507/19-A,349nm - 549/15-A,349nm - 575/15-A,349nm - 615/24-A,349nm - 670/30-A,349nm - 728/40-A,349nm - 810/25-A,405nm - 420/10-A,405nm - 434/17-A,405nm - 455/14-A,405nm - 473/15-A,405nm - 507/19-A,405nm - 549/15-A,405nm - 575/15-A,405nm - 615/24-A,405nm - 661/20-A,405nm - 710/20-A,405nm - 747/33-A,405nm - 770/LP-A,488nm - 520/40-A,488nm - 549/15-A,488nm - 583/30-A,488nm - 615/24-A,488nm - 670/30-A,488nm - 720/24-A,488nm - 750/LP-A,561nm - 575/15-A,561nm - 589/15-A,561nm - 605/15-A,561nm - 622/15-A,561nm - 661/20-A,561nm - 685/15-A,561nm - 700/13-A,561nm - 720/24-A,561nm - 760/50-A,561nm - 810/25-A,561nm - 844/25-A,561nm - 860/LP-A,637nm - 661/20-A,637nm - 700/13-A,637nm - 720/24-A,637nm - 760/50-A,637nm - 785/LP-A,781nm - 810/25-A,781nm - 844/25-A,781nm - 860/LP-A
AlexaFluor700,AlexaFluor700,-0.001184629,-0.001836153,-0.00068109,-0.002517091,-0.00195457,0.007255457,0.005004767,0.006900053,0.003287335,0.002576375,0.329187459,0.015251136,-0.000829377,0.000148136,-0.000947491,0.000295968,0.005537721,0.000355404,0.001303047,-5.91329E-05,1.52E-07,0.083984806,0.050313768,0.026504432,0.016524465,0.016021077,0.001717584,-0.000414537,0.001066212,0.015517689,0.00174715,-0.000296271,-0.000266553,0.000710505,-5.91329E-05,0.003079763,0.001688017,0.066986368,0.141080513,0.22630893,0.010779475,0.00527132,0.000296271,0.001066212,0.329868549,1,0.734956284,0.439646828,0.000236835,-0.000355404,0.000266401
APC,APC,-0.000286943,-0.000309038,-7.17076E-05,0.000513198,-5.51792E-05,0.001407169,0.00155615,0.001020886,0.001710641,0.174923821,0.061230782,0.00321164,-1.10189E-05,-3.31132E-05,-3.31132E-05,0.000375236,0.000678736,-3.31132E-05,0.000143472,0.000242811,0.071268515,0.010186714,0.007113064,0.003084725,0.002643235,0.001649981,0.000182123,6.62264E-05,0.009022384,0.001340915,0.000706339,6.06887E-05,-5.52075E-05,0.000126887,0.000750471,0.310458231,0.057401123,0.044344891,0.041105647,0.079943295,0.004480848,0.002096952,4.41321E-05,1,0.110177927,0.162402882,0.155885799,0.080103295,-8.82642E-05,0,1.65848E-05
APCCy7,APCCy7,-0.000578931,-4.54496E-05,-0.000340465,0.000567539,0.00173685,0.001010295,0.002917378,0.001963866,0.001577893,0.021284087,0.010329911,0.095840783,0,-9.0783E-05,-0.000669772,-0.000227016,0.000953512,-2.26667E-05,0.000874121,0.000681047,0.003950399,0.00065838,0.009819097,0.086759574,0.005970931,0.002020591,0.000408582,-2.26667E-05,0.000454031,0.000227016,0.004302255,-5.66667E-05,-3.41163E-05,7.94497E-05,0.000113566,0.030796661,0.002338389,0.001566501,0.001214644,0.170022956,0.113344879,0.023315953,0.000454031,0.116988754,0.004268197,0.021533769,0.362362844,1,0.466149757,0.147989589,0.02684632
APCR700,APCR700,1.75312E-05,-0.000349371,-0.000419317,-1.74417E-05,0.001642207,0.002777709,0.003895769,0.00078613,0.000733716,0.034118367,0.30479367,0.021732317,5.24147E-05,-8.72981E-05,-0.000419317,-0.000681391,-0.0002271,0.000157244,8.73876E-05,0.000122271,0.003301766,0.07365217,0.034502622,0.017871521,0.00579996,0.00244569,1.74417E-05,3.49729E-05,0.000855987,0.03125327,0.00279515,3.48835E-05,0,-6.99458E-05,3.48835E-05,0.02466718,0.053998818,0.197704435,0.221463303,0.286502921,0.036581587,0.008455308,0.000104829,0.094720627,0.583068383,1,0.640718338,0.343908245,0.000174686,1.74417E-05,5.24147E-05
BB515,BB515,-5.25781E-05,-0.000118848,-0.000132563,-0.000329125,0.000251422,0.027907044,0.01563114,0.006093378,0.00263528,0.000559974,0.000153135,9.14177E-05,-4.57557E-06,0,0.000123412,0.00011199,0.007007614,0.000148571,0.000966802,0.000219417,0.000125705,3.19939E-05,2.29363E-06,0.000134856,1,0.330311026,0.056833457,0.013418696,0.005430565,0.000715392,0.000109708,2.05725E-05,9.15113E-06,-1.3715E-05,-1.14331E-05,4.80025E-05,-5.25663E-05,-4.34269E-05,0,-6.39994E-05,1.82906E-05,-1.14214E-05,0,0,-2.28193E-06,2.29363E-06,1.14214E-05,3.88514E-05,-3.20056E-05,0,2.28193E-06
BB700,BB700,-5.25023E-05,0.000323749,-0.000192493,0.000262511,0.002099866,0.004051006,0.010123125,0.011068075,0.018522589,0.18110469,0.3864191,0.058787518,0,-1.75157E-05,0.000699955,-0.000402502,0.00356975,0.001408691,0.018076365,0.024629694,0.089909259,0.324849277,0.163089607,0.136885024,0.024113452,0.047754474,0.035522703,0.025828376,0.477282091,1,0.361212015,-0.000131211,-8.73544E-06,-0.000131211,0.000183713,0.015329046,0.045680859,0.071955415,0.040614929,0.072270383,0.006772074,0.002301095,-1.75157E-05,0.081807292,0.331708884,0.286902959,0.234905031,0.142720928,9.62691E-05,0.000113785,4.37668E-05
BUV395,BUV395,1,0.799663432,0.511233708,0.38109976,0.301204808,0.124735841,0.036440739,0.013421313,0.006919254,0.001951989,0.00130576,0.000524992,0.000740379,0.000780768,0.002705808,0.000928816,0.003163462,0,0.000807717,0.000471163,0.000296165,0.000148117,-5.38294E-05,0.000484603,0.002261595,0.001709653,0.000457723,-5.38294E-05,2.69492E-05,-0.000107659,0.000201947,0.000215387,4.03893E-05,8.07097E-05,2.69492E-05,6.73385E-05,-5.38294E-05,0.00061928,2.69492E-05,0.000498112,6.73385E-05,-1.34401E-05,6.73385E-05,9.42877E-05,9.42188E-05,-0.000107728,-0.000107659,0.000282725,8.07786E-05,0.000215387,0.000134608
BV421,BV421,0.000110574,0.101382198,0.064986578,0.066717617,0.045710161,0.020703866,0.007179405,0.002726196,0.001033388,0.0004242,0.000295551,2.41283E-05,1,0.60889837,0.518965828,0.169754413,0.072797271,0.005333788,0.008202736,0.002330138,0.000255323,8.84635E-05,-2.01755E-06,8.84635E-05,0.001823506,0.000824293,0.000108557,6.02177E-06,5.83031E-05,9.851E-05,-4.02481E-06,6.03207E-06,-2.2121E-05,-1.60786E-05,2.81428E-05,1.40714E-05,2.81325E-05,0.000138727,-4.01452E-06,-3.41749E-05,-1.00466E-05,-2.01755E-06,2.21107E-05,2.81428E-05,2.41283E-05,1.60786E-05,2.2121E-05,4.02172E-05,2.81634E-05,-1.00569E-05,-1.80962E-05
BUV496,BUV496,0.081424746,0.111487905,0.086110523,0.105076177,0.366333845,1,0.477686916,0.195420717,0.107934825,0.04091799,0.01017386,0.001011324,5.39198E-05,0.000485451,0.012277423,0.055056268,0.16413052,0.023610974,0.034485999,0.016288995,0.001894512,0.000370776,-5.39543E-05,0.001699026,0.077952545,0.033697154,0.003425013,2.69944E-05,-0.000175291,0.000296628,0.000276399,6.06512E-05,0.000208982,0.000323588,-6.76587E-06,0.00010784,-0.000121371,0.000262971,9.44114E-05,0.000997827,-5.39543E-05,0.000202286,4.71885E-05,3.36913E-05,0.000134834,-2.0194E-05,0.000148297,-0.000431497,7.41484E-05,-6.76587E-06,3.45E-08
BUV563,BUV563,0.08364062766021958,0.11410130762198432,0.08696185288090906,0.08239516820246104,0.08135322172975201,0.049997176325058956,0.8484293386286442,1,0.5509373246273843,0.1842291398669351,0.059211859184685224,0.002539765366157704,0.00009769290128119822,0.00026048661817725633,0.0017257134259595962,0.0011884441467719144,0.003899172090171715,0.004688759127190615,0.043314048293385456,0.020236559359377966,0.0025560197311319645,0.0003581795194584546,0.00014653935192179734,0.0005861157298282809,0.02564980470797262,0.2270873574174398,0.12430092164333297,0.03769733163760018,0.015832668397826,0.0024013115188641285,0.0006756397707634404,0.28460601190611395,0.12406485825047602,0.12911175521926618,0.07833316071753435,0.04929707165111631,0.007489011111525575,0.006048207529063534,0.001050073655196156,0.0042410555667970005,0.00029299534812577793,0.000016254364974260795,0.00006510081561485991,-0.000016254364974260795,-0.00010582008376832862,0.00007322799810199031,0.00008143853630693742,0.00022793621036982638,0.00008952404093515946,0.00003259208566633832,-0.000016254364974260795
BUV615,BUV615,0.03652968074600639,0.05075802620580525,0.038789112390080475,0.03838199031336269,0.03897637353779872,0.023624398660140652,0.013776471637293999,0.04122769692425232,1,0.5149041656058884,0.18866127080534092,0.016805333157466823,-0.00017506749551263176,0.00012620951129050902,0.0010584715429964226,0.0007613007746283323,0.0020640205510355203,0.0000732869763331841,0.002072191340205773,0.06130616067915266,0.023522638984811127,0.0036354592406643836,0.0011236085740092782,0.0011643374567609965,0.004974822505238164,0.003423769100835084,0.0028660293645656467,0.014716883614320242,0.009925257706065114,0.001551074248253004,0.0009648618129872276,0.009359388868325273,0.04860039592476054,0.28278832432580253,0.24848145257955356,0.20120826795486105,0.06782394917502335,0.05627026569363684,0.029665821809845644,0.05342864447733233,0.0025932459006087695,0.0012864824173163035,0.000032558093581465747,0.0014533791236586826,-0.00007735152706838629,0,-0.00002442899211106137,0.00034196420185501094,0.00000812910147040438,0.000012235339905454798,-0.00000812910147040438
BUV661,BUV661,0.022840753614721775,0.03210347305389222,0.024780476120928874,0.02414836278662188,0.02372845333722798,0.013902076821965825,0.007318440192785162,0.002900446911055937,0.04201428946984081,1,0.43134308164159485,0.04645966992843581,0.00007985979260990215,0.0000501942456550314,0.0005453950635314737,0.00047466043522710675,0.0012300160654301153,0.000015983642471155252,0.0003309011245801081,0.0014970176719731269,0.04158756827807799,0.012770194245655031,0.005365035782094348,0.002145091280852928,0.0024029677230904046,0.0016362085584927706,0.00021679567693880532,0.00003423397108222579,0.011982906382357236,0.002786353147363809,0.000563657076091719,0.000009136848254710092,0.00003194391704396086,0.00008899664086461223,0.005527045421352417,0.1437011596319556,0.040138466481670805,0.03603311231196144,0.025070284796261135,0.037991096830728786,0.002428076529867095,0.0010748298524901416,0.000027363808967430992,0.5054586008470863,0.1023167051263327,0.1141398568716226,0.0829469139769242,0.043435980721483865,0.00006617788812618665,0.000027387176865780634,0.000009136848254710092
BUV737,BUV737,0.034554621664755376,0.04847255498825253,0.03736933122258408,0.03653035724016567,0.035616901712524726,0.0221049447743592,0.010670191526002494,0.0043303223966595404,0.0023816773181627475,0.009973286760773695,1,0.27855474346806375,0.0001691597141031083,0.00000678994551796216,0.0009269314909393547,0.0007104500136855509,0.002016302035622202,-0.00008795750852094859,0.0007442958135378419,0.00035858533702258326,0.00020300551395539926,0.01238201993327077,0.032206790146444925,0.02346494314754368,0.003159784288973707,0.0026590950921823444,0.0002571172226240569,-0.000054146351247830896,0.00007441226006419754,0.05778274814107054,0.04200412724759755,0.00008795750852094859,-0.00005411170866865762,-0.000020300551395539927,-0.000013545248456751043,0.000054146351247830896,-0.000006755302938788884,0.0007984075222064995,0.004736298781991166,0.02565040489726899,0.0012314397618724536,0.0008593091763931192,0,0.000027090496913502086,0.009892049912612362,0.08817620712326948,0.15591187218855984,0.09588282992873572,0.000487178590913785,0.0001691597141031083,0.000040601102791079854
BUV805,BUV805,0.05713475895455138,0.07925493767644318,0.059996221610902206,0.0556098779041142,0.0524075702898289,0.02904952939031694,0.014571874001309692,0.005933682910486646,0.004390844522779055,0.0017087944957041204,0.0028973314041978696,0.7082936880717285,0.00017938966592899976,0.00034982362656968543,0.0007759085281713995,0.0011033199281734066,0.0026372255739395773,0.00004036956383809288,0.00038121452177257106,0.0002377165670375071,0.00017938966592899976,0.000035868747847042705,0.000179435592622786,0.0321172717918086,0.004045498748853526,0.002951157489315327,0.0001614552920054784,0.00010765217023491435,-0.00005378015842367095,0.00025565094096102845,0.0019195750568360057,0.000049348232473300114,-0.000026913042558728586,-0.00000895570528831412,-0.000031390895202885646,0.000031390895202885646,0.0002466722723258212,0.00006728260639682147,2.296334689311313e-8,-0.00031845569471369286,0.002242508604193856,0.0005875172302602994,-0.00007173749569408541,0.00006730556974371458,0.00005378015842367095,-0.00008073912767618576,0.000228760861749193,0.10141546299882619,1,0.2651638748250509,0.058036276990228106
BV480,BV480,0.00018872440342230989,0.00024376734335793986,0.00045612759589671995,0.041114821263856766,0.27600744686282624,0.28571988837114615,0.13928561592284744,0.06206548491179198,0.03685239585368419,0.01472207382148113,0.00259523233918885,-0.00003144735632020995,0.00011797791807710006,0.00309859136781746,0.24940229890241075,0.9283164559143499,1,0.1519786708809077,0.19980184541623172,0.09917739191974474,0.030820422468858258,0.00423891035755926,0.0009122551917934399,0.0012189977787939001,0.07631572759196681,0.03146527446817729,0.00567018785788984,0.00037748907234567,0.0002909585105887799,0.00005504293993562996,0.00022021202524357005,-0.000007851772704789935,-0.000047191167230840025,0.000007851772704789935,-0.00007863852355104997,-0.0000629349781414701,0.0002752549651792,-0.00022806379794835998,0.00003148762182126015,0.00022017175974251983,-0.000047191167230840025,0.00000789203820584014,-0.000015743810910630076,-0.00000789203820584014,-0.000023595583615420013,-0.00007074648534520983,-0.00003144735632020995,-0.00025165938156377997,-0.00003148762182126015,-0.000047191167230840025,0.00003929912902499988
BV510,BV510,0.00031862524808567,0.00011303171476267866,0.0000410976579281434,0.04055586345179492,0.2663980707570115,0.27816605095604413,0.1354600906484884,0.06059731262362186,0.037441702893296167,0.014738220022021188,0.003155258216426897,0.0003494616469920619,0.00015412937269082205,0.001932168762875249,0.24239966961903261,0.9125059278504041,1,0.1515241705798022,0.1980719252163652,0.09884065664480195,0.030185624597048252,0.003987735743217202,0.0009249867235094811,0.0007811186098404106,0.07563358275384408,0.030339753969739074,0.004974395264539467,0.00038029804589845376,0.000369984165035565,0.0005241661595675242,-0.0002261160513664945,0.0000410976579281434,-0.0001233455956255674,0.0001027704557409271,-0.0001027704557409271,-0.0003288865071074216,-0.00018501839343835108,0.00023642993222938323,0,0.00018501839343835108,0.00011308433660381584,0.00020559353332299138,0.0002055409114818542,0,0.0000410976579281434,0.00003083639890639185,0.00007193405683453525,0.00042139570382659713,-0.000020575139884640294,-0.00005135891694989496,0.00013360685464731896
BV605,BV605,0.00031985630527922267,0.019185709339306505,0.010432493218170786,0.015784102410959417,0.013366629967386372,0.010740035244662674,0.005419258990321103,0.002275936973316564,0.09940391332032703,0.5297750757611595,0.22649457708766865,0.016737498440243845,0.18269167962290467,0.11379785648404098,0.10693918113132507,0.04013680124420198,0.020372887699635404,0.000030706961170464956,0.003684583385902601,0.26214101279053587,1,0.3153552946580155,0.15335028063642964,0.0947597295242676,0.0064772791478191535,0.003770720348775649,0.0010333915999233805,0.0001169069126818112,0.008814693032114946,0.002257512796614285,0,0.0001722739257460957,-0.000024628557574670352,0.0028787697361513024,0.04073960251271756,0.21362004585698846,0.05948247023046724,0.05713882047097991,0.034865156127733145,0.054678326787449064,0.0024236138358071386,0.0015008617790548795,0.00012918969714999717,0.25540544873137416,0.053085123664648744,0.052888315664285424,0.039343301873238014,0.018958131389134422,-0.00012918969714999717,-0.000012282784468185983,0.00004305273427694933
BV650,BV650,0.00047627303216455686,0.01846087986695569,0.010021079828796622,0.014066376749656355,0.013698019487136401,0.011062585683950575,0.006172690982949764,0.002235374860821497,0.09849620886926513,0.5212297208418354,0.2274113013009589,0.01561588983136267,0.17997944300506175,0.1134897703393751,0.10602153737345177,0.039760441948078956,0.01883557746544452,0.000019021007906626556,0.00317527276775629,0.255639257383435,1,0.31705490548867604,0.15204997043127422,0.09775952685876865,0.005797993384460936,0.003143506058825052,0.0010161119967350197,0.000019021007906626556,0.009589254177501054,0.0021528204350523945,0.0002413554558818614,0.00014608784363157797,0.00005719308189360019,0.002952970834324485,0.040636838951694704,0.21119847696676247,0.058837342354861905,0.05669723510629069,0.03506748783663445,0.05443643387250684,0.002317929286590599,0.0017527614926880644,0.00017144918750708004,0.2581096148496261,0.053947480168404525,0.0531981174859703,0.03873805464446192,0.019222955735871097,0,-0.00008252191122567213,0.0000889272762814079
BV711,BV711,0.00035415464798819557,0.01787438237502354,0.009807397964487798,0.014106529605555767,0.010747829102669923,0.008879160726960336,0.006741820073492952,0.0022045321727157847,0.0012885201022549242,0.04474395513169835,0.7369407935784292,0.11547195570124731,0.20445916564391628,0.12783200606893563,0.11415904779768306,0.04365694705436476,0.02136130643325498,0.00009767627088506426,0.001801508122873122,0.0010747829102669922,0.027211533504008338,1,0.5556810867254289,0.4842446830606678,0.004164779868983104,0.001972441596921984,0.0004457965013697971,-0.00006719151924840048,0.0009160120704608604,0.08317353330746767,0.017330878336356742,-0.00001829085098199827,-0.000024387801309331025,0.00004274118511519938,0.000012225167066600553,0.0006717275940123946,0.005312851248825829,0.045580550515844205,0.0513208761486459,0.07884995133226651,0.007095974721481147,0.0031510915276371787,-0.00012212660501826538,0.007767733581905477,0.2502961632704517,0.4734845975245194,0.3446083870961892,0.2325683578345796,0.00007941668631500103,-0.000006096950327332756,-0.00009773880370893434
BV750,BV750,-0.0001759993720887021,0.009737630788156823,0.00367606424557739,0.008828350755736097,0.010861904365264971,0.00934653775797223,0.005846422827779308,0.002541979554439269,0.0012709397205153997,0.0014176058639226517,0.3312052893517777,0.2185678937099947,0.147139329432381,0.09221385986044991,0.08815651369871791,0.03259552420982489,0.014694445868279588,0.00019552148674017926,0.0019162206948030729,0.002131414466307433,0.0008994188616865185,0.10843338333664375,1,0.9778753371819597,0.006755702860200034,0.0032947823294227703,0.0006550920883176462,-0.00010757185740006279,0.00008794962934011649,0.007987548294708246,0.04625354601692798,0.000019622228059946307,-0.00007818857201437789,-0.00009781080007432419,-0.000078288685422847,0.00015647725743722488,0.00014661608670301718,0.00019562160014864838,0.0005670423455690606,0.04977323311847661,0.0024051245250619902,0.0015154166639969758,0.0000684275146886393,0.000058666457362900696,0,0.027677803415709315,0.1946833873411801,0.14049119842958102,0.002551790668469242,0.0015837941219813804,0.00007818857201437789
BV786,BV786,-0.00017633458911637097,0.011183309814907814,0.006330012271199213,0.009093858909262797,0.007767027454051952,0.005069309108079878,0.003693998618257236,0.0015031434749442497,0.0005377832573230369,0.0009741848463610696,0.025196594559970722,0.21328509263140566,0.13365746578374338,0.08505393845550445,0.07669622511045625,0.02951650987603473,0.016204117318992926,0.00007935395050981189,0.001869015742212327,0.0013532602026644826,0.0010315110790956891,0.0030900870688426894,0.18846757342773834,1,0.0029005268213080164,0.0008551539205963517,0.00008815600986670229,0.000017604118713780796,0.0000044235990614115845,0.00007935395050981189,0.010998173166434552,0.00004850160399476273,0.000026451316836603965,-0.00010135909890203789,-0.0000705518911529215,0.00011900835638175146,0.00004847903461179635,-0.0003041675742379792,0.00008815600986670229,0.009248165780603976,0.007343851523432221,0.0022172613213836574,0.00007935395050981189,0,-0.00007050675238698872,0.000026451316836603965,0.028815617688013623,0.09680592901301628,0.21595193606147972,0.06355572097408645,0.011782820334643914
cFluorB515,cFluorB515,-0.0010026139523040974,-0.0012833622859865052,-0.0006316195826711184,-0.0005614966673648157,0.0023160582502741263,0.03279591254245363,0.02425354515997881,0.009464796859150476,0.00502318265633406,0.004000496917877134,0.001383618547767771,0.00022058430971536052,0.016453115182278513,0.009204120311620897,0.0101967240380943,0.008251660157453152,0.014297477217752699,0.009665360717204446,0.002255894226307079,0.001564110619668913,0.0010627779762711446,0.0010527164159490105,0.00012027671344265527,0.000792091202910871,1,0.35085918538322225,0.06273434195342113,0.027652453172676908,0.0029577393932673788,0.0009324397025063552,0.0005414248812119868,0.00005015379813635262,-0.00002002045166138948,0.0001504100599176184,0.00009024603595057104,0.0008121116545722605,0,0.0007018451669603,0.00004009223781421842,0.0008421936665557842,0.0000701742497977421,-0.00005015379813635262,-0.00009024603595057104,0.0002105227493932263,-0.00002007178615282894,0.00002002045166138948,0.00010030759627270524,0.0004912710830756342,-0.00004009223781421842,0.00004009223781421842,-0.00002002045166138948
cFluorB520,cFluorB520,-0.0058606188396129275,-0.009035300675252133,-0.004695132908473892,-0.008524675987750464,-0.0019424197211040132,0.028226662121718604,0.03567467870994551,0.015029130896891094,0.008291499238410525,0.005749741959778119,0.002974807931805775,0.0015096532219025427,0.02611772817308205,0.013097793180691123,0.015140064607520282,0.013186506050717847,0.03852724360304054,0.031023816990293412,0.008280360402712102,0.004972637677430002,0.0020423850884179182,0.0023309718622780717,0.00004444168120493105,0.0013208613229731554,1,0.4925852862572796,0.10706842098024709,0.05563200560306168,0.008757739075501642,0.001720381807462497,0.0010988802401260189,0,0.000033246014712128725,-0.00011104737221794792,0.0001775962324365851,0.0010434133848114247,-0.0004883470161048242,0.0018314860104748248,0.0002219810828471364,0.0011876499409471215,0.00007774452671143948,0.00012212937712199082,-0.0001109337106291885,0.00017753940164220536,-0.00008876970082110268,-0.0001998170730390506,0.00015537539183411956,-0.0014540158742048094,-0.0002996687787641962,-0.0002996687787641962,0.00008876970082110268
cFluorB532,cFluorB532,-0.003322404309776425,-0.002381786918547765,-0.0038142965271914598,0.0010182915597560678,0.00440971011938449,0.037866422256662584,0.050853914373816964,0.022065737884497626,0.011106257334697065,0.007084829691432517,0.004176687613802267,0.00015534833705481557,0.042940560218092096,0.021686026960536,0.026009491359234766,0.022479911750126706,0.026760209105224066,0.02305809387148601,0.006066538131676449,0.0037020710504795055,0.0023730828166138064,0.0025888738513623047,0.00045738509248903606,0.0015705822916062368,1,0.5331934903744783,0.10824032352395774,0.04898986687893482,0.0058853425883710455,0.0016741478496427806,0.0002243625869068127,0.00012079702887026898,-0.00003446294166745055,0.00011218129345340635,0.00020713111607308741,0.0011046256469588861,0.0004487251738136254,0.0005177394236656225,-0.0000777183517859558,0.0017690534890039136,0.00011213711019485834,0.00031931240952649375,-0.00015534833705481557,0.0010096758243392052,-0.00003446294166745055,0.00006039851443513449,0.00009490563936113306,0.0010959657282834756,0.000025847206250587913,0.00006035433117658648,0.00016391988921313019
cFluorB548,cFluorB548,-0.002081069994980795,0.0023481835678772454,-0.0007790052834130277,0.0002559458552582885,0.00018911048388296073,0.016748499637077665,0.07417170719133212,0.036635184908630124,0.028121851422975196,0.012886862416624583,0.00635437435796307,-0.0006121162785039611,0.0380707494284949,0.019052012334402263,0.023214095346212636,0.01605843724771143,0.025896170880210446,0.20123748567498057,0.09462595182713832,0.05860294017516337,0.019920131446315728,0.008090441647336353,0.001012729659697422,0.003405356185522456,0.5104218451496807,1,0.2501919166578303,0.17726654954617757,0.07807790132603543,0.026697454620748583,0.005842482647446493,0.0025039048551481497,0.00043400257780551725,0.0009459512664733095,0.0006676699759386966,0.002515072572786312,0.00012244604696127828,-0.0000668353713753278,0.00023372437628439436,0.0003227242484824012,-0.0003226672703311861,-0.00006677839322411267,0.000044556914250218525,0.0005675593642537427,0.0003116135089954541,-0.0008235052195120311,-0.0002559458552582885,0.003939469375012927,0.00016688900490906657,0.00014466752593517244,0.00007788913271105975
cFluorB675,cFluorB675,-0.005891936716279959,-0.006834912047791897,-0.011488552623362801,-0.008484063083420737,-0.003770393048166251,-0.004948961384768022,0.016260743840419374,0.013550670142945528,0.008248470078330903,0.7944380141530764,0.28521776063569687,0.017203417516355013,0.036705450524111484,0.027749899774934774,0.011724447284028936,-0.0024156578550056274,0.02886934361858186,0.02132795421109676,0.004360129699831586,0.01196004028911877,0.24662696275971413,0.1847049159904303,0.09609359045248035,0.04094763289361,0.04766369264433993,0.040063480399476444,0.005184554389857857,0.0016497543467814406,1,0.19277631424547342,0.06557479414269335,0.0004711860101796691,0.0009426736759356375,-0.0009426736759356375,-0.0010014965133140214,0.3157368586010602,0.5783307526698781,0.16691236513356253,0.09073226589491104,0.3900901316696425,0.012254757787163287,0.005125731552479473,0.0013553385043132222,0.0725861747026204,0.005184856045434156,0.02091559103829548,0.04295032426466174,0.0010014965133140214,0.002357136673203543,-0.00029471749804451774,-0.0017677016771145075
cFluorB690,cFluorB690,-0.006370357016671575,-0.005052357657113541,-0.0018827644148849253,-0.008284613309463775,-0.00040794835717638037,0.0056172833852868986,-0.01063830983733963,-0.00009415428802889283,-0.0020399024587283675,0.45041756462703736,0.3978221117007269,0.02981252531601537,0.04114092502892513,0.023567493119587033,-0.0036088728044658056,-0.0034520561063152945,0.016130107729536828,0.009320310477781596,0.005272158111078602,-0.002071072990942711,0.1501600221214375,0.6478065666028313,0.21304833826518635,0.12436447863991078,0.011046097521669546,0.029561393656989503,0.0035147185164369123,0.0003452859470547623,0.6572523625737027,1,0.3029560429619911,-0.000721742426323868,-0.00003133120506080905,0.00003133120506080905,-0.0015376391406766287,0.16811023185573765,0.43438145051268295,0.4728237144123704,0.23714926523503946,0.5163498278470786,0.049488361421356986,0.015188564849247898,-0.000376777824962037,0.06464575573839054,0.25054921995743135,0.25553891520442323,0.19061085727479252,0.10249160203199735,0.0017574395946416892,0.00025097098617940375,0.0008787197973208446
cFluorBYG575,cFluorBYG575,-0.0005269853294728504,-0.0007600758259738552,-0.0006232725549409685,-0.0010066918497455748,-0.0009137860060951353,-0.00006249070336201022,0.006796810950488268,0.09891021782671412,0.042498668202557745,0.016095143955196258,0.004707436964470411,0.00021450586855678127,0.003307198970537873,0.0018275720121902707,0.0015674564052538544,0.0008833795138420454,0.0006215775400144595,0.008700399193311264,0.10568338504858467,0.0423449666704718,0.012053199254193432,0.004538523538222586,0.00030741171220722077,0.000542179927564056,0.00496247617466264,0.06594970994489471,0.5024339808982196,0.2609240771681489,0.0718935392257587,0.023391932420792644,0.003754803983630999,1,0.49325892563727375,0.3954246704233732,0.26758743163728066,0.1675995994230031,0.04446475579677809,0.04599674660910534,0.02021985035439649,0.02935940543027435,0.0024407090697135423,0.0006080606607790842,0.000010118201347017984,0.00006418571828851921,-0.000037151959817768596,0.000006762763635357319,-0.000016880964982375305,0.00011992230605051144,0.00003716060785310793,-0.00003883832670893826,-0.000010135497417696647
cFluorBYG610,cFluorBYG610,0.000021096972787979496,0.0005306815128199631,0.00004544282953031109,0.0005485379108197142,0.000616698000532119,0.001509293553034333,0.0010224096548521956,0.005623294647517695,0.12479815789110704,0.06478228073647796,0.026543888766190203,0.001400543186807836,0.00012658183672787697,0.00003408419943926423,0.00003732477422749267,-0.00004381423297007321,0.00019799911956075753,0.00040410798525820983,0.004988748558151949,0.11726796778237164,0.040645133628840514,0.02272037611939009,0.0063227602518076175,0.0032554980505865357,0.002164928306021935,0.006108533330807347,0.05874840526329172,0.7977967996748124,0.30850050129199225,0.11912780012666493,0.035140311071914,0.04769493760730249,0.09827536609770482,0.8663733863391658,1,0.6999596008343067,0.27603147080051005,0.2612729625883119,0.11632020767597442,0.20186891426286646,0.029336873702835303,0.007478249511296394,0.00013632017942480961,0.005237043060259236,0.0001574171522127891,0.00030023509954630294,0.00012171266537941066,0.00006167063096982427,0,0.00003569617766725479,-0.000014607514045398957
cFluorBYG667,cFluorBYG667,0.00009917548231572584,0.00009282200212273939,0.00004449389049084254,0.000443728098232303,0.00045517217423565357,0.0011747884323644302,0.0008861868023686711,0.0019300258417391308,0.0009497606625784104,0.11277187785101031,0.04475046433134087,0.003411239499148907,0.000020342854101519083,0.000038146920011168584,-0.0000025387881918695816,0.000021612248197453874,0.00031913218543131887,0.00035345790372805815,0.0015600397759106704,0.00045644156833158836,0.058372547195356415,0.032736736335441254,0.012763874809463947,0.006636854523192273,0.001495203031318309,0.0037329104727720957,0.010439698846080406,0.006941990825001747,0.5802226733366752,0.22100223468042476,0.06606851254535025,0.01866202659509523,0.008418126906027784,0.007503967865555359,0.008585953824936987,1,0.4398379521441811,0.3285510766037284,0.2012760066627176,0.3808271275585354,0.050412131251756157,0.016051787789907804,0.0003826995359277457,0.2450538351989,0.05902732670889283,0.06209274419802923,0.05565296473565916,0.024543650218626117,0.0000038146920011168585,0.000012713470099285366,0.0000012693940959347908
cFluorBYG710,cFluorBYG710,0.0003936669514809943,0.0007873504241535062,0.0018005455363523872,0.0036462600103138493,0.0039108964560425116,0.003249371426486926,0.003985076605956464,0.02903794359275316,0.013304069456939514,0.015788724491652025,0.1633887686494927,0.016208181023091968,-0.00009037091760118512,0.000038725672917217167,-0.0006163065283719578,0.0004194895738229783,0.00012582539459792062,0.0021651847543369862,0.029412231186584026,0.012129544909571424,0.0034978501469113913,0.12462851687842924,0.03765668574126341,0.02405896862629035,0.004704673623696358,0.024749521389342333,0.14139817059524631,0.07313211160884321,0.06751102401285798,0.7735241363538874,0.1818847712315567,0.28126360416864027,0.1393039939220519,0.11441247289161594,0.07822718098810008,0.07686870949437521,0.173262790929509,0.7505331801532512,0.7615494776147933,1,0.17401782590305412,0.04619800958632225,0.001203601844439038,0.001135831916833908,0.05562348151663613,0.09753635661665955,0.0566883383947105,0.03381357573401754,0.0001129553864057226,-0.00006453177406768355,-0.000006476307074892974
cFluorBYG750,cFluorBYG750,-0.000012347306971466447,0.00029620898750995966,0.000019740525577718107,0.00026164411077816773,0.00047638867583360057,0.00041467741693731536,0.0002665729231823355,0.0005973467874240871,0.00024189094721992611,0.00008145178447400334,0.03032128299362821,0.015439568045958169,0.000014811713173550335,0.00001727611937563422,-0.000014811713173550335,0.0000024644062020838867,0.00017278646971738922,0.000624505807569104,0.00022955627822898318,-0.000012347306971466447,0.00004689954572273489,0.006225191170308086,0.029437610119463543,0.023056908598813704,0.0014242498530771574,0.0027028469806208953,0.0027571523829304054,0.0008984719493576911,0.00030113779991412744,0.08348965883341886,0.2072110395894092,0.004146837359275771,0.0008170201648836878,0.0007405098307943757,0.00046157696266005025,0.0008614553044043388,0.0006269575757906643,0.012948988586210098,0.10408068258642741,1,0.14879740895112267,0.06832654661141241,0.00228816956368358,0.00008145178447400334,0.00021474456505543284,0.016575002130131616,0.07861958776272435,0.04381331296495288,0.0007849323323345031,0.0004319661742934731,0.00004195809533804361
cFluorBYG781,cFluorBYG781,0.00032989786447578604,0.0005498201499398209,0.0014041447483037516,0.0018299283827711433,0.0022246451432514926,0.0014154339190555485,0.0022669434428713967,0.003716201565343135,0.0017283980274036392,0.0004878018922036063,0.006690883622161907,0.07151317215246258,0.0000563881086400499,-0.00003102356514784107,-0.000022563905223860213,0.00008175265213225873,0.0007048946668398251,0.0017058485584595126,0.0021203430221751075,0.0006090088968482195,-0.00003948322507182193,0.0003524617696996463,0.02136680559949799,0.10659162842448044,0.0042406571717907475,0.009304644249357051,0.019054748782458605,0.009217203703009692,0.0011080999598036226,0.009355373336341469,0.5634181149094375,0.03255495126571815,0.01427274555693175,0.013201299311372133,0.007029212274002206,0.004127880954510647,0.0007105536884954573,0.0014887413475435601,0.014909962944379728,1,0.7998516643384798,0.20444818158021943,0.01056778985350121,0.00007049235393992926,0.00002819405432002495,-0.000022549468944126458,0.025613121792944366,0.07249720672423432,0.1864253813819689,0.06303465844714945,0.012225724399524388
cFluorR659,cFluorR659,-0.0001931154824844417,0.0000467081129807539,0.0003021276574029919,0.0010620873133302053,0.0009188214591072304,0.0019995824495628923,0.0032111548605651997,0.0009437462732379639,0.0020307105603646785,0.17793427733156567,0.06189343240237319,0.004721745307245936,0.00009344811951765717,-0.000059178493435157976,0.0001682066151317829,-0.00001556405540089307,0.0006696371049121944,0.0003052372791275556,0.00015261066617474044,0.0005980041778007072,0.06726301556890323,0.0236367450253069,0.009443474667713796,0.004111286695768899,0.0027377428598620106,0.0016943451704353367,0.0003176757660258103,0.00018062915525196292,0.010667533405948582,0.001532373745530756,0.00041732718221452016,0.00005605292493251961,0.00004359849125619022,0.00005292735642988125,0.001660107437908987,0.29774691799809505,0.06914422508481773,0.05679170726716364,0.041109693548852126,0.08433726274702516,0.007970279415618198,0.002600712195866238,0.00009966736296678452,1,0.13839747829133206,0.1850075504804828,0.17513423040976586,0.08172101838931418,0.00017442585858091025,-0.000034253679304424505,-0.000012438486898254708
cFluorR668,cFluorR668,0.00019720605046051292,0.00004926544713406376,-0.00026767800046048406,0.0005564543073436821,0.0018314772594158315,0.0020990831289141865,0.003578380965735485,0.0008382339109003733,0.0018807427065498953,0.023259422179059054,0.006614301030780301,0.0008734338204192944,-0.0002042748847491487,-0.00026767800046048406,-0.000028167140711349778,-0.0007677619609004022,0.0028880876581615605,0.0006128246542474461,-0.00030291397546046965,0.0001972421159415774,0.0012468197458797353,0.001077708705168443,0.0002113437190377845,0.0010707120018419362,0.0043320413235396794,0.0038812949411959545,0.00046488405092099695,-0.0001268062314226707,0.0020709520536839015,0.000965040142323044,0.0004930151261512823,-0.0000070688342886357955,0.00007047194999997114,0.00009157025642268513,-0.00023947479426806982,0.12451041109454984,0.0672564959701874,0.05719758084293974,0.02850720213230665,0.058014716447417396,0.002324564516529243,0.001007308886130601,0.00003523597499998557,1,0.3229128617584144,0.3179960547248954,0.2902425850813551,0.13278722260595893,0.0002536124628453414,0.00023247809094156295,0.00009157025642268513
cFluorR685,cFluorR685,0.000531890966393347,-0.00006861692182907235,-0.0002917756688788083,0.0037750728516665567,0.007515969029080221,0.009575091688373394,0.008940231410349225,0.003208829495471459,0.003483385040562177,0.11817898596665341,0.12322386723214274,0.0077390399183555275,0.0005835513377576166,0.00020602648103607512,0.0006520804018122599,-0.0017330824583870438,0.0018876242836077073,0.004598827344713141,0.00001713226601366083,0.00015436610967180554,0.012886890495475676,0.055305766140878884,0.006915285425308943,0.008425384852195109,0.011908857750531715,0.006349042069113846,0.0013556454594399314,-0.00024020315528896772,0.0010982221803628738,0.0027971279644970247,0.001595848614728899,0.00006870477960350138,0.00017167409123432443,0.00006852906405464332,-0.00024020315528896772,0.07406146811043933,0.16365223714008184,0.20634566833057577,0.07316918455333811,0.16401262973078973,0.008871526630745722,0.004461417785506138,0.00003426453202732166,0.4627291506472658,1,0.7178082964447824,0.6756470197940051,0.34592276669051714,0.00030890793489246913,0.0001372338436581447,0.00024037887083782578
cFluorR720,cFluorR720,0.0005610847163310471,0.0004857874475593758,0.0007118507738488126,0.0009630846563848161,0.004631382349368264,0.004447169896838025,0.003525893234218801,0.0028307227778826194,0.0009296382613723425,0.004597935954355791,0.23135094406094722,0.0358450160947912,0.0012059998201613068,0.0004857445675657701,0.002277956780311085,0.0018676381214978034,0.0031908289641835847,0.0017169149439736436,0.00030985083379504367,0.0011222551926493058,0.0004941490463124942,0.15221557282161377,0.0547222900798121,0.05988122499051173,0.00495799926066315,0.0030485102654061492,0.0008123614788606563,0.000033446395012473575,0.0001089151837585678,0.003726828884255277,0.001448872103944192,0.00013399998001792298,0.00004189375375280344,0.00006697855001215863,0.00012559550127119886,0.00030148923504192527,0.0021188720040338067,0.04621326990867719,0.06186609701452761,0.08868285909561205,0.016105125278403718,0.0036264468192242503,-0.00014236157877104138,0.002772148706617185,0.3740358379837758,1,0.6537356042749467,0.5723223191352957,0.00011719102252447473,0.00012559550127119886,-0.00005029823249952757
cFluorR780,cFluorR780,0.0005582629016500434,0.0005074833788018829,0.0010658502303451671,0.0036443273321847217,0.010242806680381468,0.006598375398303507,0.00919712272932503,0.002355036806318324,0.0012891865759731569,0.00737997464558154,0.005867503698927014,0.09348385416474468,0.00008123684156773278,0.0002232843706813692,0.0018881458608269973,0.0029541000410654053,0.004101135138031685,-0.0007004663556035411,0.0006394997432177762,0.001015122682443627,0.0009846653637240548,0.001279051461382173,0.007298841753907047,0.08508860091187964,0.00782675128673076,0.0052381390703002215,0.0003654878246348669,0.00016242170818884515,0.000416215372536407,0.000050727547901540114,0.002751085899566004,-0.0003045731871957224,0.000060914637439144485,-0.00007110172697674886,-0.000030509293666192674,0.006232991523561881,0.0004568078058469632,0.001806960994205885,-0.00020301414149940134,0.14229155148801934,0.12629298724394478,0.018983017653966296,0.0003958931684078187,0.03750922750208562,0.000060914637439144485,0.005278679528664157,0.3069161138394782,1,0.5437066941496325,0.18213559754218794,0.03483943041903397
cFluorR840,cFluorR840,0.0004959220276333704,0.0001403711095943366,0.0003368427547978773,0.0011228491061833666,0.002259759277440432,0.003639923479061062,0.0019462717840511687,0.001384859208016618,0.0007719452863117903,0.007312544324094184,0.0023860693219610696,0.09687381561876279,0.000018708163241156464,0.00017781139019091476,0.00007016160068290306,-0.00018245848835837233,0.0007672981881443327,0.0010432974927084874,0.0003275006502344317,0.0001684453315132039,0.0010152472249038854,0.0002526440431555406,0.0002105566643915049,0.09684574139684393,0.0027790605205966815,0.0006737334178242852,0.00023863088631037222,0.0002526679972698059,-0.00017776348196238428,0.00005145343744174659,0.0023439579890827686,0.000004671052281722805,-0.000028074221918867318,-0.00008889371803832477,0.00022456982123667332,0.010185193569125178,0.0009637458792336082,0.0007485660707889111,0.0000701855547971683,0.0038504322352240364,0.09772531251854946,0.03398489961381656,0.0003696119831127327,0.04179801306371157,0.002559137797527466,0.00457092408409408,0.013399332667121507,0.7590179215580369,1,0.5567787724005103,0.09657908419684322
cFluorV420,cFluorV420,-0.009766819320490795,0.07652568432989008,0.06373854789199988,0.05538303092826118,0.05391521866659459,0.030824780128053467,0.01942076335776363,0.00897654781135404,0.008496574936108399,0.005871393573277377,0.004572821973132214,-0.00033877037626491496,1,0.6590073825638183,0.4942697366623978,0.25125604464484824,0.1015637634787324,0.03790990818079874,0.007028762674441813,0.003471962776882275,0.002117170325044684,0.002963951739095937,0.0003951357545683778,0.004431764000762522,0.02227169528703057,0.017106169682045792,0.002314738202328873,0.0018349098536942663,0.0003951357545683778,0.0013549369784486252,0.0005645209427008352,0.0003952802811794123,-0.00008469259406622874,0.00002832721576276593,-0.00008469259406622874,0.0009314740081174817,0.00045164565948287513,-0.00014105797236969156,0,0.0008751086298140188,0,0.00022589509304695482,-0.00022589509304695482,0.00045164565948287513,-0.00008469259406622874,-0.0001975678772841889,0.00011301980982899467,0.0015525048557328142,0.000056509904914497336,0.0001975678772841889,0.0001975678772841889
cFluorV450,cFluorV450,-0.008254168202024126,-0.00454935374116876,0.021383358924683828,0.06633442396230224,0.0812980115854305,0.055485841471036794,0.024714065159458457,0.012646649806773564,0.008567850689854333,0.00816958452547507,0.0014119727977907658,0.0014118492277738935,0.14628095027320095,0.4406525955017054,1,0.6311483806519999,0.32044936730915663,0.10488969028163832,0.034971241549973324,0.010752074308088225,0.004211575100048464,0.0027392383490156044,0.0006395984073307666,-0.00044645847095943963,0.024352005010022763,0.01464984335028961,0.001653243255733834,0.000917013095208968,0.0006999623605728607,0,0.000856772711983746,0.00007247381489557468,-0.00021723608966141568,0.0001810300747178464,0.00009656996818566345,0.00042236231766935086,0.0005792344540886723,0.002473871737782447,0.00031374427283864303,-0.0011584689081773447,0.0006877907139109441,0.00006036395324209418,-0.00027760004290350987,0.00026549018125002937,-0.00033796399614560404,0.00012072790648418836,-6.178500843612506e-8,0.0012912448913065774,6.178500843612506e-8,0.0005550765157901475,0.00012066612147575223
cFluorV505,cFluorV505,-0.004853885747905924,-0.006120689179082864,-0.004991823283778995,0.0022450168780831256,0.043697493993488164,0.24710905914399356,0.14493915015322753,0.0636522648662693,0.03506837091018096,0.01353322631401236,0.005480962115597049,-0.00013793753587307075,0.04570426680355961,0.027078910673629643,0.06745267515980012,0.20864163250229606,1,0.5164931038295903,0.18933904673860566,0.08548858592577342,0.021071178722480082,0.006785460767238371,0.0008654488691626511,0.0018060955290642993,0.0789539557056115,0.04300761366393305,0.004264376167219338,0.003185791971444618,0.00043898556574874844,0.0006145541053562789,0.0004515720448135165,-0.00002517295812953619,-0.00016298206054276236,0.0003260925545453693,0.0002884615508109096,0.0022701256194827394,0.00042639908668398036,0.00035113707921506095,0.00010030653213861105,0.002985178907167396,-0.00013787331914314846,-0.0005769231016218192,0.000025044524669691617,-0.00010043496559845561,-0.00006267552840415133,0.000037695220464382,-0.00007526200746891943,0.0021698190873441284,-0.000037695220464382,-0.00015052401493783886,-0.0003010480298756777
cFluorV547,cFluorV547,0.0005437845805391266,0.004079776888180553,-0.0019718283381393166,0.004215548966548197,0.03120982321430996,0.16352737252133276,0.34398587134864494,0.27136730489987504,0.22275080497176464,0.1414971343388126,0.04834425950430658,0.006595389806858996,0.1367378007917253,0.09485281088237578,0.09485281088237578,0.10280801027411686,0.5369552449972341,1,0.667233428060468,0.5533418904556059,0.23227016833300781,0.09621262046725787,0.013803146500509494,0.017474910886518563,0.06928692852574848,0.0683347833095036,0.005847250841699852,0.008975230647169796,0.0020400625108574146,0.0012919235456982706,0.004419555217633938,-0.0008839110435267877,0.0010879172946125291,0.0003401264629876611,-0.0012236893729801728,0.00863545231771641,0.001495929796784012,0.0028557393816661045,-0.00013612021190191964,0.007751541274189623,0.000748138965159144,0.0008839110435267877,-0.0019718283381393166,0.0035356441741071507,0,-0.0004080125021714829,-0.0013598095848820924,-0.0043516691784501165,0.00013612021190191964,-0.0008839110435267877,0.0006799047924410462
cFluorV610,cFluorV610,-0.0060651940017858825,-0.007518036407155876,-0.004757766003301763,-0.006246683082502779,-0.002615041948895204,0.012675227149576383,0.01986636006912949,0.014854397781667892,0.28640948027552127,0.1782161408504028,0.0584004340861783,0.00130742799848412,0.04474468242572057,0.034720571898870414,0.03123415922022175,0.021609659384417303,0.021936562872020074,0.02052016704433503,0.011839931093653944,1,0.4075686897120609,0.21061249961414974,0.049902059120068044,0.02266289109874159,0.030507645041573273,0.020774363328494864,0.005411572978507305,0.0824799069645319,0.02527774709570983,0.006827782854265384,0.0036318270855345393,0.0012711673727261333,0.057274681120338046,0.6359410859666915,0.773589024670986,0.6251906472131199,0.22085417389554782,0.2183482857277805,0.09359332387953737,0.17080688632052088,0.009733467665005373,0.00276008445192715,0.0002906428618447844,0.017796157266238902,0.0008352960559224387,-0.0002904569099178204,0.0005448391460046183,0.00043587131680369466,-0.00003626062575798654,-0.00003644657768495058,0
cFluorYG584,cFluorYG584,0.00017666755764820665,0.0008074385632916209,-0.0006308356007284775,0.001337312046066114,-0.0009083360861605417,0.002106962484595687,0.0027250728535666885,0.03213353561068904,0.022267669888626447,0.00888182419620783,0.0018293974040785594,-0.0004794247213400328,-0.00018926359923555593,-0.0003911232400584611,-0.00002519208317469857,0.00045416804308027087,0.0025232778078288468,0.0041633470175867875,0.0513606502502995,0.034051234496049174,0.009197241996572068,0.0012111578449374313,0.00010089752286892094,0.000264904443844715,0.0035703641367054208,0.00972711547934656,0.08539922410967625,0.05832484015623226,0.02027426556357209,0.0026872201337195777,0.00040371928164581044,1,0.9092641237476466,0.863505094678954,0.45177447220324923,0.4386283388715006,0.09686737091673474,0.10212831761971762,0.051385842333474194,0.07051212404530079,0.003835333175635199,0.0006812197670778747,-0.00011349356445627022,0.00017666755764820665,0.00002519208317469857,0.0000505133565195238,0.00003785271984711118,-0.00006310939810687309,0.00007570543969422236,-0.00010089752286892094,0.00008830148128157165
cFluorYG610,cFluorYG610,0.0002765169882411387,0.0009032573701214806,0.0007741531926764712,0.0021197433695850565,0.0021012459874365026,0.0032625229636505677,0.0029491999599097554,0.00580629050667161,0.10147088162864543,0.058172945615620246,0.014451079803557802,0.0015299033776031055,0.000424024173435985,0.00009210941314790148,0.0006820437795285696,0.0028385931646133,0.00038712378353759414,0.0010690731886674467,0.0016773161883992347,0.059113009001241404,0.01817443295614403,0.005363863325485788,0.000018497382148553988,0.00036862640138904016,0.008054949304904241,0.002783289766965072,0.02575024343876149,0.13475994078572726,0.05452329886843209,0.009142519875720241,0.0016774105627979517,0.03986950285642993,0.23424018322223264,1,0.6772101115750766,0.6257834254773504,0.20316297684788376,0.1782606873815955,0.0839968954597798,0.1599572446224052,0.009621753072405738,0.003815556940132845,-0.000018403007749836874,0.0007741531926764712,0.00011060679529645547,0.000055303397648227736,-0.000055303397648227736,0.00014741281079612921,-0.00011060679529645547,-0.00003680601549967375,-0.00007370640539806461
FITC,FITC,-0.0003033524192563782,0,0.0002700548697400999,0.0002626491007634988,0.0038620990510046865,0.0325134282122826,0.02218488064722557,0.00767610795512551,0.002863305149615663,0.0007398760959922517,0.0009248309145511012,0.00011097289113530969,-0.00004809014688386265,0.000022198366344185517,0.00036623516350782525,0.0006732620563740772,0.008504758575908886,0.00004810908746948056,0.001357661177091483,0.0006843801801317878,-0.00006286380366582913,0.000314451602428471,0.00007769428220464932,0.00048461382361973605,1,0.3345158951099158,0.060062358468841545,0.013199220602478058,0.003118548481402561,0.0005881998863640625,0.0004845948830341182,-0.0000740008680091577,0.00004809014688386265,0.000029585194735168755,-0.00008879346537674207,0.0002848474671076843,0.000025891780539677136,-0.00023306390602833004,-0.000022198366344185517,0.00028854088130317594,-0.00010727947693981807,0.0001294778432840036,-0.00004068437790726151,-0.00004070331849287942,-0.00007028851322804817,-0.00016275645221466395,0.00006659509903255655,0.0010395161604675202,0.00002960413532078666,0.00011097289113530969,-0.00006657615844693866
NovaFlourBlue510,NovaFlourBlue510,0.000011769787190691402,-0.00000320944406409733,0.000008554866259590494,0.00005990597128514777,0.0003294718883343056,0.0021993071445582184,0.0018195630939980608,0.0005348489241015169,0.00012621987696448305,0.00003850785190216438,-0.000014979231254788732,-0.00003316242970667122,0.0000406493069005638,-0.000002141454998399413,0.000039581317834865874,0.00007487972567293293,0.009005804104330176,0.005916511548557364,0.0020795006788549265,0.0009338496390462586,0.00011980646570329197,0.000053487083156953116,-0.000010696321257989907,0.000053487083156953116,1,0.4718813184389643,0.08596541931367528,0.04463753406823505,0.010364330010833955,0.0026560668989227053,0.00045462377623309074,0.00000320944406409733,0.000005350899062496743,-0.000014979231254788732,0.000010696321257989907,0.00000320944406409733,0.00003851332876916796,0.00010803667851260056,-0.000005350899062496743,0,0.00002246610844868131,0.000002135978131395834,-0.000003203967197093751,0.00001604722032048665,0,-0.000004277433129795247,0.00000320944406409733,-0.00009948181225301007,-0.00000641888812819466,0.00002567007564577506,0.000002135978131395834
NovaFlourBlue555,NovaFlourBlue555,0.000004826082971370242,0.000005637985913607592,0.00014649696438968966,0.00018191983641268475,0.0005546080149080217,0.0015237646051860238,0.01383303335511596,0.008367434630685545,0.005444674707995191,0.0018900193801644446,0.0003799376062892227,0.00014247454169109245,4.121334732169292e-9,-0.000016097933463853257,0.00027126625207138285,0.000055543228185445555,0.0030491447735870583,0.017202545962773468,0.009112015570072912,0.0049375568332059565,0.0012066155335414004,0.00041535635697748563,0.00003058030371269615,-0.000019316695889677475,0.35417720354579857,1,0.27606664264203273,0.17728097331419276,0.04193458089982255,0.01101813288370121,0.002125059099940059,0.0329875835724257,0.014881076413502416,0.017213010031658444,0.009717332487525545,0.005737664515439838,0.0013370145644672367,0.001287917103802904,0.00021492348494789643,0.0006705164329155509,0.00006519951546291821,0.000016102054798585424,8.03660272773012e-7,0.00023504384111034692,0.000004026544033329399,-0.000012883292372761208,0.00003461509041548989,0.00020928962036902103,-0.000004022422698597229,0.00000885674833943181,-0.00001771349667886362
NovaFlourBlue61070S,NovaFlourBlue61070S,-0.00012685627422256694,0.00022080784932938276,0.00007047570790142608,-0.000225498212141935,-0.0005308528578104006,0.0002865691412756281,0.0003899254951501769,0.0003476641235519497,0.028154395871768753,0.014206387364941904,0.004068372597322563,0.0002114030705616498,0.00006578534508887384,-0.00004226137159822718,0.00010335635387454877,0.00015971286705306116,0.003119403961201415,0.0009489686361211478,0.0009066832113802922,0.02710676124458561,0.009273616980979905,0.0037113036950028803,0.000342949707596769,0.0006812090523809857,0.24614069130511848,0.11210549208051482,0.07553252034192312,1,0.34999203480181856,0.1165825756773804,0.032495242468786656,0.00029128355723080884,0.013060110799839392,0.13154062374946207,0.1473536888825581,0.09611390452283027,0.0342522283252261,0.033773065670924286,0.013774176445050872,0.024584019539426096,0.0013858939719673612,0.0007704702646752493,0.000014095141580285217,0.0037253988365831656,0.00010335635387454877,0.00016442728300824187,0.00014092736266022368,0.00021609343337420202,0,0.000009404778767732969,-0.000023499920348018187
NovaFlourBlue660120S,NovaFlourBlue660120S,-0.00011383942882121521,-0.000332402739326825,0.00048722716013405214,0.0004963427072708728,0.00032328719219000437,-0.0007740987906163485,0.0005190966049832434,0.00010929331196269852,-0.000259571615911409,0.02974738743989509,0.005659892175433484,0.0002550021856331051,-0.0001183855456797319,-0.0000637622031181699,-0.00015934722424595658,-0.0002913944339210258,0.003619944630628005,0.0009197610374471805,0.0003597493807372869,0.0004143494098790616,0.045579577444266356,0.018272778668220895,0.004302981203555297,0.0015845665161008306,0.2035507504006994,0.09902286463645636,0.01959782019524989,0.01482134343581524,1,0.28710565059012094,0.09114546991111759,0.00009563164796736121,0.00002732332799067463,-0.0000819699839720239,0.00017303220166108116,0.06379316333964738,0.022985563164796736,0.015786658895526738,0.005441328864927874,0.015845828354946818,0.0008742532420224392,0.0002868716304822964,0.000004569430278303949,0.8536673058429258,0.14970220603234738,0.14638274806935742,0.13729419787265043,0.05651226577298558,-0.00004098499198601195,0.000004546116858516684,-0.000004546116858516684
NovaFluorBlue530,NovaFluorBlue530,0.0017817102006981533,0.0020787343015703616,0.0018666362873095122,0.005790721053969659,0.013808634159378897,0.022144531384478746,0.02237780661982555,0.004857294309181129,0.003584597622482259,0.0007848603937855391,0.0013151597300045492,0.0013999772154821343,-0.0015271491431316244,0.00002128582221972681,0.001336228349956728,-0.002566570594483692,0.02492298279095574,0.04865841218409152,0.017159847945380582,0.0032240418583521927,0.00040301880743574586,0.0009757811869604356,0.0009120323214350293,-0.0005725451772571415,1,0.7493265372191833,0.17168307973701583,0.08764448159085891,0.010138784646883956,0.002120980142608493,0.0030542982862632488,-0.0001272805287832644,0.000784751792651765,0.00040301880743574586,0.00038184158634979316,0.00038162438408224496,0.0003605557641300664,-0.0010605986724380205,-0.00048783629291333075,-0.002057557080484409,0.00006374886552540631,0,-0.00023327523534680196,0.0008059290137377176,-0.0002545610575665288,0.00040301880743574586,-0.00006374886552540631,0.002120980142608493,-0.0016544296719148888,0.00016963497095516978,-0.00008470888434381078
NovaFluorBlue61030S,NovaFluorBlue61030S,0.000614232308454691,0.0016379777822072858,-0.0010090691928240174,-0.0015210168086846442,0.0036854687297124752,0.0005557518216933703,0.005308695352006854,0.0038609101899964374,0.08454601096437991,0.037936763499670005,0.007897411598245495,0.0014477851620104168,0.002413050149001691,0.0010237454737525948,0.0023106905774232973,-0.0007897486477229825,0.006083842597785589,0.008891954268109594,0.002471605514747341,0.10013604013872979,0.026997318284055223,0.008467839700867444,0.001404055835162003,-0.0015209419297003148,0.17159283024739566,0.12314081097833736,0.09149283385656272,1,0.3421911178249272,0.11417577482152219,0.01629209453142304,0.0008482291344843032,0.015838702281308063,0.28418918265245624,0.3103528732039714,0.2090177210101894,0.07634144577241492,0.07490826201234874,0.012284870806046807,0.03985261719272398,0.002369171064184618,0.0009799412679198513,-0.00007315676768989797,0.002559363684381487,0.000146163777411137,-0.00005855536574565017,-0.00011711073149130033,-0.0006141574294703614,-0.0003510326785365831,0.0003070787147351807,-0.0003803103614094082
NovaFluorBlue66040S,NovaFluorBlue66040S,0.00023654225102369536,0.00020173776619686549,0.00018089782390035017,0.0003200445155416987,0.002163898487038001,0.0020803605986870126,0.0027274675248685526,0.000493995692009877,0.0007862536178228887,0.04487769358480672,0.008384140340802523,0.00011132447807967591,0.000020875566129500825,0.00018784447133252195,-0.0003131334919425124,-0.0006748935159102273,0.0023378496635061796,0.0034858276814637977,0.0005357468242688788,0.0012594093675362503,0.06742786485528976,0.023510376064774102,0.004891330388073568,0.002525658511005716,0.08574072368747995,0.06095016956053905,0.010784616702697205,0.008272815862722847,0.531595258396582,0.1510464411879907,0.04188579034768683,0.00005564442712334521,-0.00006960896965365975,-0.00004175113225900165,0.00009739555938234687,0.07309843096608808,0.02250838451439105,0.014207782061939515,0.004258152380589357,0.01363726637667679,0.0004314046174543601,0.00004869777969117343,-0.00003476886099384438,1,0.16700759268564336,0.16830173529034048,0.15312680178667773,0.06294004562344291,0.00010441345448048962,-0.00009739555938234687,0.000006982271265157273
NovaFluorRed660,NovaFluorRed660,-0.00030253020433826025,0.000176491319378367,0.0001908931290570322,0.000010805967313313453,-0.00021608246583175263,-0.0002196967484143626,-0.0008247755973081413,-0.00018727884647442224,0.0005690651045884866,0.02003931601841189,0.0060074908588155,0.0002485188079889512,-0.0000035958423653517463,0.00003241790193994036,-0.0001908931290570322,-0.0007419421413842437,-0.0000036142825826099607,0.00044658518155942867,-0.00034575407359151405,0.0005654323817886185,0.036142088217409274,0.022344343175688654,0.0043939534085045105,0.0027264230020614686,0.0005438204471619916,-0.0003709434103662345,0.0002593432155195229,-0.000010805967313313453,0.001908857529701289,0.0006230765009377957,0.00007564177119319417,0.0000936209830199529,0.000043186988818737384,0.000021611934626626906,0.0016747774118255196,0.12002348324787399,0.04006788139016225,0.04033437940997796,0.023230340294294067,0.042196398787843384,0.002449082134497929,0.0008247571570908831,-0.00003599530408803389,1,0.24847112158712148,0.2655391285182828,0.21412983122628035,0.10393872714113789,0.00006123996151452897,-0.00004322386925325381,0.000021611934626626906
NovaFluorRed685,NovaFluorRed685,-0.00018946796232122902,0.00004307893860550169,0.00005167708909482905,-0.0005597616433949273,-0.0003703377741531307,0.0001636294177738145,-0.0002928221405108871,-0.0004133726196791999,-0.0002067083563793162,0.03378460248501541,0.033974070447336635,0.0014123454273007416,-0.0001636294177738145,0.0001033541781896581,-0.00044785340779537425,-0.00005167708909482905,-0.0007147929106794144,-0.000654517671095258,-0.0002152624137892111,0.00017222756826314187,0.033526261132620694,0.08083156549480196,0.02152121476786581,0.015139799753925343,0.0001205504791683128,0.00017222756826314187,-0.00006031933266358885,-0.00018946796232122902,0.004099289501755257,0.003935660083981443,0.0010506498967163707,0.000017196300978654718,0.0001033541781896581,0.00003443669503674188,0.0004736478592633563,0.09421452059182084,0.1278268514154937,0.16233484496167783,0.06857677592814168,0.12271139280513822,0.01862760643011141,0.0036686764880179703,0.00013779087322639998,0.7550164696470296,1,0.7714911432876929,0.5759141729972571,0.30411305536115407,-0.00006891748315291621,0,0.00009471193462089829
NovaFluorRed700,NovaFluorRed700,-0.00018505843852267414,-0.0002045317126383045,0.00003894654823126071,-0.00033603241390057657,-0.0009788748636434471,-0.0003408944989870656,-0.0002337790244662615,-0.0006720149602618046,-0.00042853669939223936,0.01861754714040829,0.04823617266635499,0.0014901667445846969,-0.00018022128720585943,0.00001949820788530466,-0.00045287205859435875,-0.0002386161757830762,-0.000988574100046751,-0.0002678385538413589,-0.0001655851644070438,-0.00015583606046439146,0.011400367773102696,0.08964956833411251,0.013474957145083372,0.0042270469066541996,0.0007207604799750662,0.0006866510830606203,0.00011200249337696743,0.000019448340345956053,0.0007840673211781206,0.004071185912420134,0.00026295153498519556,-0.00017533426834969611,0.000034109396914446,0.0001363378525790868,0.00025808944989870653,0.03232623344241858,0.0643067103007636,0.1548231260713729,0.07442633006077606,0.06776435094280817,0.0042172728689418735,0.0009350163627863488,0.00005358267103007636,0.2702732865825152,1,0.9094738600592177,0.36149585164407044,0.12992346579398473,0.00012172666354994545,0.00009739130434782609,-0.000058444756116565374
NovaFluorYellow570,NovaFluorYellow570,-0.000028554520632243705,-0.000056817668604974725,0.00017059869214468051,-0.0019064513111915365,0.0021341590446007043,-0.0052356753187835425,0.0013658093414657384,0.004780405538294963,0.0034430050311317116,-0.000028554520632243705,0.0011096927737540832,0.0001991532127769242,-0.001052729418819352,-0.00034148875694887373,-0.00031293423631663,-0.0006828318275679911,0.0004836786147910669,-0.0005122331354233105,0.00096750291591189,0.0007397951825027222,0.0004838243011208232,0.0003698975912513611,0.000056817668604974725,0.000284671088343899,0.0019916778140989986,0.09304577959814465,0.1638117487866514,0.14036542793465442,0.041401141190158246,0.006402185761142601,0.0016503347434798812,1,0.49886189839194345,0.5971432076225419,0.44775775626735304,0.32096519524444855,0.0989358779101937,0.0945253699631501,0.03303554076288938,0.06351006153499196,0.0033860416761969806,0.0011666561286888142,-0.0001423355441719495,0.0001991532127769242,-0.00017074437847443687,-0.00008537218923721843,-0.00008537218923721843,0.0018778967905592927,0.000056963354934731064,0.000284671088343899,0.00008537218923721843
NovaFluorYellow610,NovaFluorYellow610,-0.0011547298193828855,0.0010321411484805702,-0.0003985309032278858,-0.0011649847828898656,-0.002309459638765771,-0.003035050628126979,-0.0005109169318656039,-0.0001123860286377181,0.03393728441032076,0.009922618975365904,0.0022993093177435565,-0.0002861448745901677,0.0008583823025281206,-0.0007255386681188253,0.0005722897491803354,-0.0010934093233105366,-0.0009708206524082213,-0.0031576392990292947,-0.0005620347856733556,0.008604385273537548,0.0007971141276981542,0.0011138669290821138,-0.00010223570761550333,-0.0005722374279379528,0.0007255909893612079,0.01804674756507402,0.042572329931894484,0.28952451292062614,0.10329359081523612,0.026640930196346974,0.0032802802911739925,0.17590977222679627,0.16445419317086402,0.9631809662017331,1,0.6837528311024254,0.24257844105300477,0.2210675040297821,0.09386137884472186,0.16484257375306968,0.013713920840890265,0.0027386507900298315,0.000010202642264597312,-0.00003071256927855704,0.0002860925533477852,0.0000818304230863087,-0.000051117853807751664,-0.000265634947576208,-0.00018390916697466438,0.00008177810184392616,0
NovaFluorYellow660,NovaFluorYellow660,0.00036097177085473266,0.0003265641739741377,0.00036950767084812833,0.00002582769740269723,0.0004296989656469185,0.00177889915841746,-0.0013577800922484392,-0.0005242098583572995,-0.000730479441702861,0.016671668674729807,0.003299961337652968,-0.0004984701599236064,-0.00007735109375458557,0.00016328208698706886,0.00017186198646496658,0.0005242098583572995,-0.0015812094745497962,0.00007739509323908761,-0.0004382788651248162,-0.00002582769740269723,0.015116242898098205,0.002870350370975054,0.0009796485224379111,0.0007132756432625635,-0.00024921308021955217,0.011231880407289148,0.01216862943233757,0.00815539245142204,0.16905429135992242,0.049379081474681445,0.008645238712383246,0.07870922584271002,0.03801832657728582,0.05207748186022253,0.043956497005681085,1,0.342912402438293,0.25465559645503194,0.1341812239327804,0.2702960492114874,0.026863709264782255,0.0072874586201348065,0.00007735109375458557,0.41650844818702104,0.06653201651089456,0.07091484916162723,0.06289695509927405,0.024827017126667343,-0.0001460782885467714,-0.0000601472953142881,-0.00005156739583639038
NovaFluorYellow690,NovaFluorYellow690,-0.00010514327215698821,-0.00015425081613471434,-0.00023135827553833697,-0.0012199706740372975,-0.0034004102418377824,-0.0038701985664258685,-0.002727335351792194,-0.0006590749323326403,-0.0010026123562119087,0.014085501044307102,0.016209904883928324,0.00034353742387926837,0.00016125079499118846,0.00001403585504041734,-0.0005959674306419659,-0.00014725083727824023,-0.0007922899145704631,-0.0011287914622657882,-0.0001752866500316058,-0.000140214961094297,0.001535436387835731,0.012465921320883805,0.0004557524695476689,0.0006871107450860059,0.00002103583389689146,0.010222338354065177,0.013433461988158405,0.010762162364545472,0.12085201445212045,0.1517292801613025,0.022148363869813746,0.082171244108396,0.03762908634086228,0.04942893275055697,0.033906138611714653,0.2988803228691786,0.7100870090192394,1,0.37858358981674667,0.42352539253099386,0.05092933334678287,0.009100546870655863,0.00020332246278497137,0.07496370690449555,0.2000995648274683,0.13784013749825136,0.06955810784756142,0.02717538971125877,-0.0000350357916098397,0.00002803581275336558,0.00004907164665025704
NovaFluorYellow700,NovaFluorYellow700,-0.00020315054450377386,-0.00003938188693166752,-0.00008977038231168194,0.000059838858091708575,-0.000029923460770560644,-0.0006913682160950256,-0.0003858521812969194,0.00031024927960336603,0.00030553216169693163,0.009611567192353038,0.030729297714518475,0.0006504220199772927,0.000011030798796585007,-0.000011030798796585007,0.00018741875469957992,-0.000036229078211298564,-0.0003259971963063854,-0.00004094619611773294,0.00005354936754979607,0.0000819004556848786,0.0006866591616380039,0.013342492981815534,0.0011102966668828746,0.00067247555412105,0.00048348442678599197,0.008798924697090878,0.011556559888641828,0.01014703667750276,0.054733807634028804,0.1899430578554753,0.022180791502388667,0.07169224968013102,0.035109073151322785,0.04463087802481355,0.032584528091944995,0.1360722812120887,0.41236197269516056,1,0.5052601589705826,0.41083116714140494,0.048706701736005824,0.010691948461914765,0.0003433174856448829,0.026332193924926254,0.1269158715487348,0.10849277648785882,0.04097869988231557,0.015303233594807345,0.000017328352787910217,-0.000022045470694344595,0.000029923460770560644
PE,PE,-0.0001310674015962485,-0.000050417157237364854,-0.00013276231285491076,-0.0000369783177143676,0.00018988168263287412,0.0005007473354145238,0.006324995844025972,0.0845539949428322,0.03865574643659534,0.013817871581374746,0.0035859504211441504,0.00020165142172855929,0.00004032512217944182,0.000006710816151048564,-0.00002183596332225802,0.00008907317898949459,0.00035960510598125235,0.0007225656200380289,0.09555720396907952,0.03710643407757948,0.010448680521909464,0.0013644809957171742,0.0002671765189162335,0.0003864827850272469,0.004387497185113751,0.06191238953803034,0.49394974324847585,0.13000861548343248,0.06549162914302345,0.021882070070659905,0.0027911402841569485,1,0.4555376510598263,0.3731547255924046,0.23842419058566444,0.14619752165429808,0.0381045905475539,0.03457240408811219,0.018086062500377482,0.02432873039600681,0.0014585786832095053,0.0005461227769281521,0.000020166862894945943,0.000013438839522997253,0.000020166862894945943,-0.000001677704037762141,0,-0.00007560852863514716,0.000020166862894945943,-0.000006728023371948689,0.000011761135485235112
PECF594,PECF594,-0.00019889138978961205,0.0000323848277117693,-0.000046262348032863866,-0.0004417243136334749,0.00042552597933376724,0.0006197994229414451,0.001505557023299362,0.008568445209039504,0.13684550559216704,0.06884596388188251,0.028117490213032725,0.0010892669363294632,0.00010640221638682228,0.00010640221638682228,0.000013889361208740546,0.00008788306810850156,0.0005804876759567745,-0.000004629787069580182,0.0084435593670373,0.12746530833055705,0.042789060459667044,0.014216015776230337,0.0056845733410845365,0.0034782725868957747,0.0037164520418947657,0.009599893090993622,0.09099675976477745,0.4776225695275609,0.33907259184052957,0.13301572441461257,0.03817992389814146,0.08049261360692288,0.1346577239862566,1,0.9856313315002376,0.6917067299153206,0.2668061862670143,0.21787001187214758,0.11807583965392023,0.20287001092487658,0.025659108801748588,0.006521747779430976,0.00012027973670791684,0.0021345923386046754,0.00005089213510244404,0.000039323587872316584,0.00016653024385313473,0.0001457021224838469,0.00006474597364824664,-0.000011568547230127462,-0.000020804439593995854
PECy5,PECy5,0.00006970131999601065,-0.000016774317290904138,-0.000003879639184302887,0.00024526325466830637,0.00010585400541021302,0.0006041199653172153,0.0008093773324513048,0.0016600559685869514,0.0008816628754814933,0.10954986734211604,0.04688189697568577,0.004114003759218356,-0.000007746059836461642,0.000005168446068355806,0.00010068555934185722,0.000043898745250664015,0.0003046475103258216,-0.000034850659998005324,0.001290868975067403,0.0005666916915511042,0.05971962303654402,0.02008468056062174,0.01360062703429079,0.007157888030176323,0.0017400941807196738,0.003591210812917916,0.008119582508524466,0.0023145319321072394,0.5815973578269209,0.2297287762091272,0.07030865206463889,0.015221959312961504,0.005988358570925984,0.005256428618307152,0.007006853081897465,1,0.4277950834066246,0.28538733570769015,0.2120154474410343,0.3834278006748457,0.04574077414201317,0.019432788820135632,0.0004724567758955836,0.3006725523062274,0.0691223350695655,0.07385854835534032,0.069882665038496,0.03151019152132946,0.00005292700270510651,-0.000023238179509384926,-0.000003879639184302887
PECy7,PECy7,-0.0002530025628276623,-0.000024939032548703085,-0.00022804528665602673,0.00030641989077397,0.0010261855463291878,0.0012007770177930419,0.0017174546628638686,0.003331595689061091,0.001664000847671696,0.0003135531473405705,0.005277113882203918,0.08221388334596948,0.000024920788925770603,-0.00004987806509740617,-0.00008196859783564225,0.000306456378019835,0.0005736707231119008,-0.000057029565286939165,0.0026973743814362816,0.0009299869226062096,0.0002957291277355355,0.0000284965390205371,0.02253373857041584,0.11565818412391039,0.00301090928515392,0.009328475226820227,0.01837189384532042,0.001849301325796917,0.0012969938851389528,0.009292827187610157,0.5998125394769196,0.03334808391059501,0.012813280861268303,0.011049505639778863,0.006157222739712722,0.004361375229107978,0.0007981585032960936,0.0014787368567923398,0.016062926196116684,1,0.7225294732113742,0.23392812530683493,0.01202225561453881,0.00013896167587671646,-0.000049914552343271134,-0.00009619862372297833,0.02970288034332455,0.09034869656794033,0.24792443214078297,0.079384698788846,0.014245678915812139
PerCPCy55,PerCPCy55,-0.003046603722269601,-0.004247846089833069,-0.0009442098931579713,-0.0020164966517675705,0.002188071320580129,0.016047394152049865,0.019308191602990715,0.0005147240064376749,0.004719731350536495,0.4379987143982562,0.5083669562565878,0.0379300845307312,0.0002574718461566176,-0.0004718852607034254,0.0017161860598767034,0.0028745896817059225,0.010254716985277091,-0.0003431493376251166,0.003947315812066642,0.002875029053457043,0.17124316282633786,0.4676046814181338,0.24667450505870667,0.16948413802072693,0.02630211113732696,0.016733912513175662,0.0031753396453479098,-0.00012895560895386903,0.7229040539513361,1,0.33901133447306364,-0.0005149436923132352,-0.0006434599295159837,0.00042882682909361564,0.0003003105918908671,0.1599159393965756,0.43083322019510745,0.47352609450798494,0.269115197561311,0.519522824703413,0.032180685481443795,0.018364421081583863,-0.00008567749146849902,0.05908341780255249,0.2881659173181451,0.26997329059124936,0.21929966779101898,0.13442864317170164,-0.00021441341454680782,0.0007295767927356032,-0.00012851623720274853
R718,R718,-0.00021531401652452405,0.00047550042941092095,-0.00007183257718522943,0.00001795814429630736,0.0024310550786389895,0.003920065406225395,0.007373724277082501,0.0022426093854222397,0.0015250184736946026,0.004377561762582217,0.29023029643660353,0.0667491822729141,-0.00004487239636187287,-0.000008956107769258146,-0.00019740180098600776,0.0009957354689103415,0.00045745042759903147,-0.000026960180823356572,0.0007804214523858175,0.0007175909117276373,0.0005471952203227772,0.039039444122407306,0.025045502768562555,0.02934241363246366,0.007292935592128013,0.005032459919925048,0.0008611642085825141,-0.000026960180823356572,0.00008969886396595467,0.0039470255870487515,0.0009239488204829033,0.00009870090049300388,0.00015243754710855275,-0.00012566108131636044,0.000009002036527049214,0.0002870088074363803,0.002682193526240546,0.0404658076243667,0.07861708142861033,0.12496746521619975,0.024471439224932005,0.008279714953269096,0.00014357329685487676,0.0027718923902065006,0.34588299896968017,1,0.8134951642299854,0.763242627251709,0.00047540857189533884,0.0002601864128863969,0.00008974479272374574
RB545,RB545,-0.0002339558958784167,-0.00026485018777039853,-0.00020303900391921325,0.0009225347439873425,0.004409657316084721,0.006952164878519215,0.061086377095320034,0.030885319665294814,0.019510208631164552,0.005469058067166315,0.0030633713116916296,0.00041050762101386794,-0.00003973091817564302,0.00027811642722950114,0.0010726217904062534,0.0019730762687180537,0.0041757240202735255,0.018075624164136515,0.029044589390226683,0.016133442187310443,0.0029265279046645997,0.0006179762381085226,0.00018538835141911246,0.0009048840914872417,0.34274412185811604,1,0.24079666502560046,0.0843176867945276,0.052169949974299204,0.013418767312781495,0.0018583357274337877,0.0027764408582456887,0.00021185303013565284,0.000979938914730308,0.0006135240248658595,0.0007194957400681293,0.00026482758770317685,0.00018979536452733224,0.00013243639391881008,0.00026482758770317685,-0.00006181118385118525,0.00018095873824367103,0.00005738157067574382,0.00009270547574316706,0.00009713508891860848,-0.000013243639391881007,-0.00011917015445970742,-0.0003001514927706001,0.00004856754445930424,-0.00003970831810842138,-0.00004856754445930424
RB705,RB705,-0.00004205010135689151,-0.00012746226723300955,-0.00006832973270089443,0.00005387795386655795,0.00027726154830679987,0.0011747789116682923,0.0018502044597032265,0.0006780562023758213,0.0005453326264610375,0.013285208102453048,0.15839353461324154,0.02639826645395909,-0.000005254580665557163,-0.000023655705019332888,0.00003153421200956008,0.000013133087655784355,0.0003731963315464664,-0.000040738138194556495,0.00022207163127790688,0.00014322600922968103,0.0008055251976250479,0.040856934776901874,0.018473134311347374,0.018459994495675373,0.018486274127019375,0.014048683198721204,0.0043403576379286045,0.00040210661723135647,0.07865601982321169,1,0.29184873519552174,-0.000009203926184996413,0.00002233701384078077,0.000038114211869886464,-0.000010515889347331429,0.00016162713358345676,0.0017910719251711114,0.00934695035373958,0.00797111813345561,0.01074117697036111,0.0010473099164190656,0.0005111677601105903,-0.000007878506990227193,0.0027490337862270536,0.07849176876330356,0.11013316479921831,0.06954167044612977,0.054683532888312736,0.00013008619355767958,0.000045985990843896556,0.0000026373823571042352
RB744,RB744,0.000015008197987840259,-0.0001326770841760225,-0.00001752024479024563,-0.00003002921254099891,0.0004130266339505894,0.0028561843977695897,0.004878805020361421,0.001667153183486153,0.0008936478333903926,0.0004606017244124707,0.14520268782855905,0.07621851187782881,0.0000075105072765793265,-0.00009512454779312588,0.00021278061741598973,0.00011265760914868989,0.0006633469711841573,0.00004256381342238898,0.0005081639983090336,0.0005456909015612934,0.0001627062967170214,0.008305723888324448,0.051453998322362866,0.05047273644845593,0.03597900820906135,0.02770582558008031,0.008741307677235412,0.000763495612582094,0.0022879747909438763,0.49994117196518856,1,0.00005507278117314226,-0.000004998460474173954,0.00006508251868680856,0.000015021014553158653,-0.00003254125934340428,0.00011764325305754546,-0.00018022654150726705,0.0008511096530986404,0.02087446809972272,0.0012340942579429125,0.0007109220616460387,0.000030042029106317306,0.00006506970212149018,0.00011764325305754546,0.020846963750549445,0.07283413119015754,0.051193668247615634,0.001369270572356022,0.0008886365563509003,0.00006008405821263461
RB780,RB780,-0.000058228334607010386,0.000005286091828848708,-0.00005294224277816167,-0.00001588538364977099,0.000635334021501165,0.00553283033052143,0.008031850573732076,0.005585772573299592,0.0034308633540653857,0.001598947899655447,0.011595083088824478,0.12093840762366127,0.00010591159371954821,0.00014294134468471404,-0.000047656150949312964,0.00013234205286379174,0.0032402929665945835,0.0002117689711126467,0.0023984489576463954,0.0009053584353840469,0.0002859097975326529,0.00013765525285586532,0.011711566866201725,0.08527425748911126,0.10347692825583339,0.08593076298609105,0.029564840517118576,0.009614913089737753,0.008180078010245638,0.03086730643558367,1,0.00003705685912839069,0.000010572183657697416,-0.000021171475478619698,0,0.00003705685912839069,0.0001694260201554073,-0.00014822743651356275,0.00005294224277816167,0.00720060585660481,0.00992202147091225,0.0030814391300968734,0.0001800253119763296,0.00006354153459908396,0.00006354153459908396,0.00006882762642793266,0.011976305188255758,0.0404610480498428,0.30192776720875675,0.11515672435473558,0.026896394253752523
RY586,RY586,-0.000014344342150844515,-0.00012670019619926827,-0.00009799927269779183,-0.00003823526013586883,0.000545036044932942,0.00041355032161679634,0.001955395754035558,0.04207703479633874,0.05140942463423886,0.025465674625671418,0.007252668292424053,0.0004016171018240716,0.00004302078725274613,-0.00012667571779969344,0.00022231282493851516,-0.00003346197221877893,0.0006621529476986682,0.000059764012561923004,0.02761470675954359,0.02843222410934364,0.011655916243141396,0.0008820791286786384,0.00020320743407036814,-0.0001267124353990557,0.0012263066226995444,0.00589488818560815,0.06609647661833064,0.031288853339725135,0.023177996836607467,0.005782556809959301,0.0006980260422755669,0.70916601505167,0.8202009167454382,1,0.44556185074716886,0.46330151826783794,0.1012028832421464,0.086159670544241,0.05568834679351569,0.08194764785100214,0.00865111926013352,0.0020892803605100357,0.000004797766316664718,0.00003108756746002139,0.00002628980114335667,-0.000011957698192299566,0.000009558815033967207,0.00007409611551298011,0,-0.00008126828658840236,0.000009571054233754617